text,label
"Today we discussed database deployment and API integration","Technical"
"Server maintenance schedule was finalized","Technical"
"Authentication module testing was completed","Technical"
"MongoDB performance optimization meeting","Technical"
"Discussion on FastAPI backend architecture","Technical"
"Bug fixing and code review session","Technical"
"Frontend and backend integration review","Technical"
"Cloud deployment planning meeting","Technical"
"Security vulnerabilities assessment discussion","Technical"
"System design and scalability review","Technical"
"Client approved the project proposal","Client"
"Customer requirements gathering session","Client"
"Discussion with client regarding budget","Client"
"Client feedback review meeting","Client"
"Requirement clarification with client team","Client"
"Product demonstration for customer","Client"
"Contract discussion and approval meeting","Client"
"Customer requested new features","Client"
"Meeting about client expectations","Client"
"Final project handover discussion","Client"
"Project milestone review meeting","Project Review"
"Sprint planning and progress review","Project Review"
"Discussion on project completion status","Project Review"
"Weekly project review session","Project Review"
"Task allocation and review meeting","Project Review"
"Review of development progress","Project Review"
"Project risk assessment meeting","Project Review"
"Deadline tracking discussion","Project Review"
"Project documentation review","Project Review"
"Final project presentation review","Project Review"
"Students discussed semester examination schedule","Educational"
"Faculty meeting on academic performance","Educational"
"Internal assessment planning discussion","Educational"
"Classroom attendance review meeting","Educational"
"Curriculum development discussion","Educational"
"Seminar preparation meeting","Educational"
"Student project evaluation session","Educational"
"Department academic review meeting","Educational"
"Examination timetable discussion","Educational"
"Learning outcome assessment meeting","Educational"
"Weekly team discussion about work allocation","Team Discussion"
"Brainstorming session for new ideas","Team Discussion"
"General team coordination meeting","Team Discussion"
"Discussion about upcoming activities","Team Discussion"
"Team collaboration improvement session","Team Discussion"
"Employee engagement discussion","Team Discussion"
"Daily standup meeting","Team Discussion"
"Workload balancing discussion","Team Discussion"
"Team communication improvement meeting","Team Discussion"
"Planning next week activities","Team Discussion"
"Database backup strategy discussion","Technical"
"Machine learning model deployment review","Technical"
"API performance testing session","Technical"
"Discussion on Docker containerization","Technical"
"Microservices architecture planning","Technical"
"Frontend bug tracking meeting","Technical"
"Backend optimization discussion","Technical"
"Git workflow review session","Technical"
"Network security planning","Technical"
"System monitoring discussion","Technical"
"Client meeting regarding software customization","Client"
"Review of customer satisfaction survey","Client"
"Negotiation meeting with customer","Client"
"Discussion on client support requests","Client"
"Client onboarding session","Client"
"Feedback collection from stakeholders","Client"
"Customer training session","Client"
"Review of business requirements","Client"
"Project scope discussion with client","Client"
"Contract renewal meeting","Client"
"Review of sprint achievements","Project Review"
"Project budget review meeting","Project Review"
"Timeline adjustment discussion","Project Review"
"Status update presentation","Project Review"
"Milestone completion verification","Project Review"
"Project planning review","Project Review"
"Resource allocation review","Project Review"
"Risk mitigation planning","Project Review"
"Project closure review meeting","Project Review"
"Development phase review session","Project Review"
"Workshop on artificial intelligence","Educational"
"Discussion about research methodology","Educational"
"Training session on Python programming","Educational"
"Faculty development program meeting","Educational"
"Student mentoring session","Educational"
"Academic conference planning","Educational"
"Research project review meeting","Educational"
"Department workshop discussion","Educational"
"Curriculum enhancement planning","Educational"
"Education technology review meeting","Educational"
"Team building activity discussion","Team Discussion"
"Discussion on office culture improvements","Team Discussion"
"Monthly employee feedback meeting","Team Discussion"
"Planning company event activities","Team Discussion"
"General discussion about workplace efficiency","Team Discussion"
"Team goal setting session","Team Discussion"
"Discussion about collaboration tools","Team Discussion"
"Cross-functional team meeting","Team Discussion"
"Internal communication review session","Team Discussion"
"Team performance feedback discussion","Team Discussion"